track_title,id,artist,hotness,genre,genreid,year
King Of Wishful Thinking,70,Go West,31,Alternative,1,1990
When I’m Back On My Feet Again,88,Michael Bolton,13,Alternative,1,1990
Black Velvet,18,Alannah Myles,83,Blues,9,1990
Opposites Attract,14,Paula Abdul,87,EDM,3,1990
I Wanna Be Rich,22,Calloway,79,EDM,3,1990
The Power,26,Snap,75,EDM,3,1990
Two To Make It Right,30,Seduction,71,EDM,3,1990
Sending All My Love,31,Linear,70,EDM,3,1990
Blame It On The Rain,46,Milli Vanilli,55,EDM,3,1990
With Every Beat Of My Heart,48,Taylor Dayne,53,EDM,3,1990
Get Up! (Before The Night Is Over),73,Technotronic,28,EDM,3,1990
All Or Nothing,79,Milli Vanilli,22,EDM,3,1990
Everybody Everybody,81,Black Box,20,EDM,3,1990
We Can’t Go Wrong,87,The Cover Girls,14,EDM,3,1990
Tic-Tac-Toe,100,Kyper,1,EDM,3,1990
Poison,4,Bell Biv Devoe,97,Hip hop,4,1990
Do Me!,11,Bell Biv Devoe,90,Hip hop,4,1990
Pump Up The Jam,13,Technotronic,88,Hip hop,4,1990
Ice Ice Baby,45,Vanilla Ice,56,Hip hop,4,1990
U Can’t Touch This,55,M.C. Hammer,46,Hip hop,4,1990
The Humpty Dance,62,Digital Underground,39,Hip hop,4,1990
Oh Girl,84,Paul Young,17,Hip hop,4,1990
Just A Friend,94,Biz Markie,7,Hip hop,4,1990
Mentirosa,99,Mellow Man Ace,2,Hip hop,4,1990
Nothing Compares 2 U,3,Sinead O’Connor,98,Pop,5,1990
Vogue,5,Madonna,96,Pop,5,1990
How Am I Supposed To Live Without You,12,Michael Bolton,89,Pop,5,1990
Release Me,19,Wilson Phillips,82,Pop,5,1990
Love Will Lead You Back,28,Taylor Dayne,73,Pop,5,1990
Step By Step,33,New Kids On The Block,68,Pop,5,1990
I’ll Be Your Everything,39,Tommy Page,62,Pop,5,1990
Everything,41,Jody Watley,60,Pop,5,1990
Praying For Time,51,George Michael,50,Pop,5,1990
Just Between You And Me,57,Lou Gramm,44,Pop,5,1990
Enjoy The Silence,66,Depeche Mode,35,Pop,5,1990
Girls Nite Out,69,Tyler Collins,32,Pop,5,1990
Here We Are,74,Gloria Estefan,27,Pop,5,1990
Romeo,80,Dino,21,Pop,5,1990
C’mon And Get My Love,85,D-Mob With Cathy Dennis,16,Pop,5,1990
(It’s Just) The Way That You Love Me,86,Paula Abdul,15,Pop,5,1990
Make You Sweat,89,Keith Sweat,12,Pop,5,1990
This One’s For The Children,90,New Kids On The Block,11,Pop,5,1990
Jerk Out,93,The Time,8,Pop,5,1990
Whole Wide World,95,A’me Lorain,6,Pop,5,1990
Swing The Mood,97,Jive Bunny and The Master Mixers,4,Pop,5,1990
Thieves In The Temple,98,Prince,3,Pop,5,1990
Hold On,1,Wilson Phillips,100,Pop rock,6,1990
It Must Have Been Love,2,Roxette,99,Pop rock,6,1990
All I Wanna Do Is Make Love To You,16,Heart,85,Pop rock,6,1990
Don’t Know Much,20,Linda Ronstadt and Aaron Neville,81,Pop rock,6,1990
If Wishes Came True,25,Sweet Sensation,76,Pop rock,6,1990
Dangerous,34,Roxette,67,Pop rock,6,1990
We Didn’t Start The Fire,35,Billy Joel,66,Pop rock,6,1990
Roam,40,B-52’s,61,Pop rock,6,1990
Something Happened On The Way To Heaven,58,Phil Collins,43,Pop rock,6,1990
What Kind Of Man Would I Be?,71,Chicago,30,Pop rock,6,1990
Just Like Jesse James,77,Cher,24,Pop rock,6,1990
Love Shack,78,B-52s,23,Pop rock,6,1990
Vision Of Love,6,Mariah Carey,95,R&B,7,1990
Hold On,8,En Vogue,93,R&B,7,1990
Escapade,15,Janet Jackson,86,R&B,7,1990
Close To You,17,Maxi Priest,84,R&B,7,1990
All Around The World,21,Lisa Stansfield,80,R&B,7,1990
Rub You The Right Way,23,Johnny Gill,78,R&B,7,1990
She Ain’t Worth It,24,Glenn Medeiros feat. Bobby Brown,77,R&B,7,1990
Don’t Wanna Fall In Love,29,Jane Child,72,R&B,7,1990
I Don’t Have The Heart,36,James Ingram,65,R&B,7,1990
Rhythm Nation,38,Janet Jackson,63,R&B,7,1990
Back To Life,42,Soul II Soul,59,R&B,7,1990
Here And Now,43,Luther Vandross,58,R&B,7,1990
Alright,44,Janet Jackson,57,R&B,7,1990
Have You Seen Her,47,M.C. Hammer,54,R&B,7,1990
Come Back To Me,49,Janet Jackson,52,R&B,7,1990
No More Lies,50,Michel’le,51,R&B,7,1990
Ready Or Not,54,After 7,47,R&B,7,1990
Can’t Stop,60,After 7,41,R&B,7,1990
Giving You The Benefit,65,Pebbles,36,R&B,7,1990
Love Takes Time,76,Mariah Carey,25,R&B,7,1990
Whip Appeal,83,Babyface,18,R&B,7,1990
Another Day In Paradise,7,Phil Collins,94,Rock,8,1990
Cradle Of Love,9,Billy Idol,92,Rock,8,1990
Blaze Of Glory,10,Jon Bon Jovi,91,Rock,8,1990
(Can’t Live Without Your) Love And Affection,27,Nelson,74,Rock,8,1990
Unskinny Bop,32,Poison,69,Rock,8,1990
How Can We Be Lovers,52,Michael Bolton,49,Rock,8,1990
Do You Remember,53,Phil Collins,48,Rock,8,1990
I Wish It Would Rain Down,56,Phil Collins,45,Rock,8,1990
Black Cat,59,Janet Jackson,42,Rock,8,1990
Janie’s Got A Gun,61,Aerosmith,40,Rock,8,1990
I’ll Be Your Shelter,63,Taylor Dayne,38,Rock,8,1990
Free Fallin’,64,Tom Petty,37,Rock,8,1990
Love Song,67,Tesla,34,Rock,8,1990
Price Of Love,68,Bad English,33,Rock,8,1990
I Remember You,72,Skid Row,29,Rock,8,1990
Epic,75,Faith No More,26,Rock,8,1990
I Go To Extremes,82,Billy Joel,19,Rock,8,1990
What It Takes,91,Aerosmith,10,Rock,8,1990
Forever,92,Kiss,9,Rock,8,1990
Without You,96,Motley Crue,5,Rock,8,1990
Downtown Train,37,Rod Stewart,64,Rock ,8,1990
Unbelievable,6,EMF,95,Alternative,1,1991
"Right Here, Right Now",17,Jesus Jones,84,Alternative,1,1991
Losing My Religion,33,R.E.M.,68,Alternative,1,1991
I’ll Be There,65,Escape Club,36,Alternative,1,1991
Real Real Real,85,Jesus Jones,16,Alternative,1,1991
Disappear,90,INXS,11,Alternative,1,1991
Gonna Make You Sweat,3,C+C Music Factory,98,EDM,3,1991
I’ve Been Thinking About You,31,Londonbeat,70,EDM,3,1991
Here We Go,36,C+C Music Factory,65,EDM,3,1991
Tom’s Diner,53,DNA,48,EDM,3,1991
Temptation,58,Corina,43,EDM,3,1991
3 A.M. Eternal,61,The KLF,40,EDM,3,1991
Just Another Dream,86,Cathy Dennis,15,EDM,3,1991
Strike It Up,88,Black Box,13,EDM,3,1991
Groove Is In The Heart,91,Deee-Lite,10,EDM,3,1991
Good Vibrations,20,Marky Mark and The Funky Bunch feat. Loleatta Holloway,81,Hip hop,4,1991
Summertime,38,D.J. Jazzy Jeff and The Fresh Prince,63,Hip hop,4,1991
Things That Make You Go Hmmmm…,51,C+C Music Factory,50,Hip hop,4,1991
Iesha,54,Another Bad Creation,47,Hip hop,4,1991
Around The Way Girl,64,LL Cool J,37,Hip hop,4,1991
Now That We Found Love,67,Heavy D. and The Boyz,34,Hip hop,4,1991
Rico Suave,89,Gerardo,12,Hip hop,4,1991
O.P.P.,94,Naughty By Nature,7,Hip hop,4,1991
Do You Want Me,98,Salt-N-Pepa,3,Hip hop,4,1991
Rush Rush,4,Paula Abdul,97,Pop,5,1991
One More Try,5,Timmy T,96,Pop,5,1991
"Baby, Baby",10,Amy Grant,91,Pop,5,1991
Because I Love You (The Postman Song),12,Stevie B,89,Pop,5,1991
Someday,13,Mariah Carey,88,Pop,5,1991
From A Distance,15,Bette Midler,86,Pop,5,1991
Justify My Love,21,Madonna,80,Pop,5,1991
Emotions,22,Mariah Carey,79,Pop,5,1991
Every Heartbeat,28,Amy Grant,73,Pop,5,1991
Touch Me (All Night Long),30,Cathy Dennis,71,Pop,5,1991
Do Anything,32,Natural Selection,69,Pop,5,1991
Coming Out Of The Dark,34,Gloria Estefan,67,Pop,5,1991
The Promise Of A New Day,41,Paula Abdul,60,Pop,5,1991
I’m Your Baby Tonight,42,Whitney Houston,59,Pop,5,1991
This House,45,Tracie Spencer,56,Pop,5,1991
Impulsive,48,Wilson Phillips,53,Pop,5,1991
Saideness Part I,63,Enigrna,38,Pop,5,1991
Cry For Help,70,Rick Astley,31,Pop,5,1991
Too Many Walls,74,Cathy Dennis,27,Pop,5,1991
Get Here,80,Oleta Adams,21,Pop,5,1991
Freedom 90,95,George Michael,6,Pop,5,1991
Joyride,23,Roxette,78,Pop rock,6,1991
You’re In Love,27,Wilson Phillips,74,Pop rock,6,1991
Fading Like A Flower (Every Time You Leave),44,Roxette,57,Pop rock,6,1991
Love Is A Wonderful Thing,49,Michael Bolton,52,Pop rock,6,1991
I Touch Myself,52,Divinyls,49,Pop rock,6,1991
Can’t Stop This Thing We Started,59,Bryan Adams,42,Pop rock,6,1991
All This Time,92,Sting,9,Pop rock,6,1991
The One And Only,93,Chesney Hawkes,8,Pop rock,6,1991
I Wanna Sex You Up,2,Color Me Badd,99,R&B,7,1991
I Like The Way (The Kissing Game),8,Hi-Five,93,R&B,7,1991
The First Time,9,Surface,92,R&B,7,1991
Motownphilly,11,Boyz II Men,90,R&B,7,1991
All The Man That I Need,16,Whitney Houston,85,R&B,7,1991
I Adore Mi Amor,18,Color Me Badd,83,R&B,7,1991
Love Will Never Do (Without You),19,Janet Jackson,82,R&B,7,1991
Romantic,24,Karyn White,77,R&B,7,1991
Hold You Tight,25,Tara Kemp,76,R&B,7,1991
I Don’t Wanna Cry,26,Mariah Carey,75,R&B,7,1991
Sensitivity,29,Ralph Tresvant,72,R&B,7,1991
P.A.S.S.I.O.N.,40,Rhythm Syndicate,61,R&B,7,1991
Power Of Love-Love Power,47,Luther Vandross,54,R&B,7,1991
I Can’t Wait Another Minute,60,Hi-Five,41,R&B,7,1991
Love Takes Time,69,Mariah Carey,32,R&B,7,1991
Crazy,75,Seal,26,R&B,7,1991
I’ll Give All My Love To You,76,Keith Sweat,25,R&B,7,1991
Round And Round,81,Tevin Campbell,20,R&B,7,1991
I’m Not In Love,83,Will To Power,18,R&B,7,1991
Piece Of My Heart,84,Tara Kemp,17,R&B,7,1991
Everybody Plays The Fool,87,Aaron Neville,14,R&B,7,1991
The Way You Do The Things You Do,71,UB40,30,Reggae,10,1991
Here I Am (Come And Take Me),72,UB40,29,Reggae,10,1991
(Everything I Do) I Do It For You,1,Bryan Adams,100,Rock,8,1991
More Than Words,7,Extreme,94,Rock,8,1991
High Enough,14,Damn Yankees,87,Rock,8,1991
It Ain’t Over ‘Til It’s Over,35,Lenny Kravitz,66,Rock,8,1991
Where Does My Heart Beat Now,37,Celine Dion,64,Rock,8,1991
Wind Of Change,39,Scorpions,62,Rock,8,1991
Love Of A Lifetime,43,Firehouse,58,Rock,8,1991
Hole Hearted,46,Extreme,55,Rock,8,1991
Rhythm Of My Heart,50,Rod Stewart,51,Rock,8,1991
Something To Talk About,55,Bonnie Raitt,46,Rock,8,1991
After The Rain,56,Nelson,45,Rock,8,1991
Play That Funky Music,57,Vanilla Ice,44,Rock,8,1991
Time. Love And Tenderness,62,Michael Bolton,39,Rock,8,1991
Cream,66,Prince And The N.P.G.,35,Rock,8,1991
Show Me The Way,68,Styx,33,Rock,8,1991
Signs,73,Tesla,28,Rock,8,1991
Place In This World,77,Michael W. Smith,24,Rock,8,1991
Something To Believe In,78,Poison,23,Rock,8,1991
Wicked Game,79,Chris Issak,22,Rock,8,1991
Silent Lucidity,82,Queensryche,19,Rock,8,1991
I Saw Red,96,Warrant,5,Rock,8,1991
Miles Away,97,Winger,4,Rock,8,1991
The Motown Song,99,Rod Stewart,2,Rock,8,1991
Shiny Happy People,100,R.E.M.,1,Rock,8,1991
Under The Bridge,8,Red Hot Chili Peppers,93,Alternative,1,1992
Smells Like Teen Spirit,32,Nirvana,69,Alternative,1,1992
All I Want,53,Toad The Wet Sprocket,48,Alternative,1,1992
Mysterious Ways,57,U2,44,Alternative,1,1992
Friday I’m In Love,71,Cure,30,Alternative,1,1992
Everything Changes,79,Kathy Troccoli,22,Christian,11,1992
That’s What Love Is For,91,Amy Grant,10,Christian,11,1992
I Will Remember You,96,Amy Grant,5,Christian,11,1992
Achy Breaky Heart,15,Billy Ray Cyrus,86,Country,2,1992
Move This,38,Technotronic,63,EDM,3,1992
Please Don’t Go,47,K.W.S.,54,EDM,3,1992
Rhythm Is A Dancer,75,Snap,26,EDM,3,1992
Justified And Ancient,86,The KLF,15,EDM,3,1992
Baby Got Back,2,Sir Mix A-lot,99,Hip hop,4,1992
Jump,3,Kris Kross,98,Hip hop,4,1992
Jump Around,24,House Of Pain,77,Hip hop,4,1992
Ain’t 2 Proud 2 Beg,36,TLC,65,Hip hop,4,1992
Tennessee,40,Arrested Development,61,Hip hop,4,1992
Set Adrift On Memory Bliss,44,P.M. Dawn,57,Hip hop,4,1992
2 Legit 2 Quit,46,MC Hammer,55,Hip hop,4,1992
Warm It Up,65,Kris Kross,36,Hip hop,4,1992
People Everyday,67,Arrested Development,34,Hip hop,4,1992
Wildside,69,Marky Mark And The Funky Bunch,32,Hip hop,4,1992
Addams Groove,76,MC Hammer,25,Hip hop,4,1992
Back To The Hotel,78,N2Deep,23,Hip hop,4,1992
What About Your Friends,88,TLC,13,Hip hop,4,1992
They Want EFX,99,Das EFX,2,Hip hop,4,1992
Save The Best For Last,4,Vanessa Williams,97,Pop,5,1992
Just Another Day,10,Jon Secada,91,Pop,5,1992
I’m Too Sexy,13,Right Said Fred,88,Pop,5,1992
Black Or White,14,Michael Jackson,87,Pop,5,1992
Remember The Time,19,Michael Jackson,82,Pop,5,1992
This Used To Be My Playground,21,Madonna,80,Pop,5,1992
If You Asked Me To,28,Celine Dion,73,Pop,5,1992
Wishing On A Star,49,Cover Girls,52,Pop,5,1992
Good For Me,52,Amy Grant,49,Pop,5,1992
When A Man Loves A Woman,54,Michael Bolton,47,Pop,5,1992
Too Funky,58,George Michael,43,Pop,5,1992
Beauty And The Beast,64,Celine Dion And Peabo Bryson,37,Pop,5,1992
In The Closet,66,Michael Jackson,35,Pop,5,1992
Blowing Kisses In The Wind,73,Paula Abdul,28,Pop,5,1992
Missing You Now,77,Michael Bolton,24,Pop,5,1992
I Can’t Make You Love Me,100,Bonnie Raitt,1,Pop,5,1992
Diamonds And Pearls,25,Prince and The N.P.G.,76,Pop rock,6,1992
Damn I Wish I Was Your Lover,34,Sophie B. Hawkins,67,Pop rock,6,1992
The One,43,Elton John,58,Pop rock,6,1992
Stay,45,Shakespear’s Sister,56,Pop rock,6,1992
How Do You Talk To An Angel,59,Heights,42,Pop rock,6,1992
Hold On My Heart,62,Genesis,39,Pop rock,6,1992
Do I Have To Say The Words?,70,Bryan Adams,31,Pop rock,6,1992
Have You Ever Needed Somone So Bad,80,Def Leppard,21,Pop rock,6,1992
End Of The Road,1,Boyz II Men,100,R&B,7,1992
Baby-Baby-Baby,5,TLC,96,R&B,7,1992
My Lovin’ (You’re Never Gonna Get It),7,En Vogue,94,R&B,7,1992
All 4 Love,9,Color Me Badd,92,R&B,7,1992
I Love Your Smile,11,Shanice,90,R&B,7,1992
I’ll Be There,16,Mariah Carey,85,R&B,7,1992
Finally,20,CeCe Peniston,81,R&B,7,1992
Can’t Let Go,23,Mariah Carey,78,R&B,7,1992
Masterpiece,27,Atlantic Starr,74,R&B,7,1992
Giving Him Something He Can Feel,29,En Vogue,72,R&B,7,1992
Live And Learn,30,Joe Public,71,R&B,7,1992
Come & Talk To Me,31,Jodeci,70,R&B,7,1992
Humpin’ Around,33,Bobby Brown,68,R&B,7,1992
Tell Me What You Want Me To Do,35,Teven Campbell,66,R&B,7,1992
It’s So Hard To Say Goodbye To Yesterday,37,Boyz II Men,64,R&B,7,1992
The Best Things In Life Are Free,41,Luther Vandross and Janet Jackson,60,R&B,7,1992
Make It Happen,42,Mariah Carey,59,R&B,7,1992
Breakin’ My Heart (Pretty Brown Eyes),48,Mint Condition,53,R&B,7,1992
She’s Playing Hard To Get,50,Hi-Five,51,R&B,7,1992
I’d Die Without You,51,P.M. Dawn,50,R&B,7,1992
Keep On Walkin’,61,CeCe Peniston,40,R&B,7,1992
The Way I Feel About You,63,Karyn White,38,R&B,7,1992
I Wanna Love You,83,Jade,18,R&B,7,1992
Uhh Ahh,84,Boyz II Men,17,R&B,7,1992
Real Love,85,Mary J. Blige,16,R&B,7,1992
Slow Motion,87,Color Me Badd,14,R&B,7,1992
Thinkin’ Back,89,Color Me Badd,12,R&B,7,1992
Would I Lie To You?,90,Charles and Eddie,11,R&B,7,1992
Keep Coming Back,92,Richard Marx,9,R&B,7,1992
Free Your Mind,93,En Vogue,8,R&B,7,1992
Keep It Comin’,94,Keith Sweat,7,R&B,7,1992
We Got A Love Thang,97,CeCe Peniston,4,R&B,7,1992
Tears In Heaven,6,Eric Clapton,95,Rock,8,1992
To Be With You,12,Mr. Big,89,Rock,8,1992
November Rain,17,Guns N’ Roses,84,Rock,8,1992
Life Is A Highway,18,Tom Cochrane,83,Rock,8,1992
Sometimes Love Just Ain’t Enough,22,Patty Smyth,79,Rock,8,1992
Don’t Let The Sun Go Down On Me,26,George Michael and Elton John,75,Rock,8,1992
Bohemian Rhapsody,39,Queen,62,Rock,8,1992
I Can’t Dance,55,Genesis,46,Rock,8,1992
Hazard,56,Richard Marx,45,Rock,8,1992
One,60,U2,41,Rock,8,1992
No Son Of Nine,68,Genesis,33,Rock,8,1992
Everything About You,72,Ugly Kid Joe,29,Rock,8,1992
Thought I’d Died And Gone To Heaven,74,Bryan Adams,27,Rock,8,1992
Take This Heart,81,Richard Marx,20,Rock,8,1992
When I Look Into Your Eyes,82,Firehouse,19,Rock,8,1992
Just Take My Heart,95,Mr. Big,6,Rock,8,1992
Let’s Get Rocked,98,Def Leppard,3,Rock,8,1992
Runaway Train,22,Soul Asylum,79,Alternative,1,1993
Two Princes,28,Spin Doctors,73,Alternative,1,1993
What’s Up,50,4 Non Blondes,51,Alternative,1,1993
Break It Down Again,91,Tears For Fears,10,Alternative,1,1993
Hey Jealousy,95,Gin Blossoms,6,Alternative,1,1993
When She Cries,76,Restless Heart,25,Country,2,1993
Rhythm Is A Dancer,25,Snap,76,EDM,3,1993
More And More,79,Captain Hollywood Project,22,EDM,3,1993
What Is Love,82,Haddaway,19,EDM,3,1993
Whoomp! (There It Is),2,Tag Team,99,Hip hop,4,1993
Rump Shaker,9,Wreckx-N-Effect,92,Hip hop,4,1993
Nuthin’ But A “G” Thang,11,Dr. Dre,90,Hip hop,4,1993
Dazzey Duks,16,Duice,85,Hip hop,4,1993
Ditty,24,Paperboy,77,Hip hop,4,1993
Mr. Wendal,31,Arrested Development,70,Hip hop,4,1993
Slam,37,Onyx,64,Hip hop,4,1993
"Whoot, There It Is",44,95 South,57,Hip hop,4,1993
Hip Hop Hooray,45,Naughty By Nature,56,Hip hop,4,1993
Dre Day,53,Dr. Dre,48,Hip hop,4,1993
I Get Around,56,2Pac,45,Hip hop,4,1993
What About Your Friends,62,TLC,39,Hip hop,4,1993
I Got A Man,63,Positive K,38,Hip hop,4,1993
Insane In The Brain,65,Cypress Hill,36,Hip hop,4,1993
Boom! Shake The Room,75,Jazzy Jeff and Fresh Prince,26,Hip hop,4,1993
It Was A Good Day,78,Ice Cube,23,Hip hop,4,1993
Rebirth Of Slick (Cool Like Dat),81,Digable Planets,20,Hip hop,4,1993
Alright,85,Kris Kross,16,Hip hop,4,1993
Check Yo Self,86,Ice Cube,15,Hip hop,4,1993
Forever In Love,73,Kenny G,28,Jazz,12,1993
Dreamlover,8,Mariah Carey,93,Pop,5,1993
Show Me Love,17,Robin S.,84,Pop,5,1993
A Whole New World,18,Peabo Bryson and Regina Belle,83,Pop,5,1993
If,19,Janet Jackson,82,Pop,5,1993
I’ll Never Get Over You (Getting Over Me),23,Expose,78,Pop,5,1993
Saving Forever For You,33,Shanice,68,Pop,5,1993
I’m Every Woman,39,Whitney Houston,62,Pop,5,1993
I Don’t Wanna Fight,42,Tina Turner,59,Pop,5,1993
Will You Be There,47,Michael Jackson,54,Pop,5,1993
All That She Wants,51,Ace Of Base,50,Pop,5,1993
Deeper And Deeper,66,Madonna,35,Pop,5,1993
Rain,67,Madonna,34,Pop,5,1993
That’s What Love Can Do,70,Boy Krazy,31,Pop,5,1993
Do You Believe In Us,71,Jon Secada,30,Pop,5,1993
Angel,72,Jon Secada,29,Pop,5,1993
Again,74,Janet Jackson,27,Pop,5,1993
To Love Somebody,83,Michael Bolton,18,Pop,5,1993
Faithful,89,Go West,12,Pop,5,1993
Nothin’ My Love Can’t Fix,92,Joey Lawrence,9,Pop,5,1993
Can’t Get Enough Of Your Love,99,Taylor Dayne,2,Pop,5,1993
7,52,Prince and The New Power Generation,49,Pop rock,6,1993
How Do You Talk To An Angel,80,Heights,21,Pop rock,6,1993
Two Steps Behind,100,Def Leppard,1,Pop rock,6,1993
I Will Always Love You,1,Whitney Houston,100,R&B,7,1993
That’s The Way Love Goes,4,Janet Jackson,97,R&B,7,1993
Freak Me,5,Silk,96,R&B,7,1993
Weak,6,SWV,95,R&B,7,1993
If I Ever Fall In Love,7,Shai,94,R&B,7,1993
In The Still Of The Nite,12,Boyz II Men,89,R&B,7,1993
Don’t Walk Away,13,Jade,88,R&B,7,1993
Knockin’ Da Boots,14,H-Town,87,R&B,7,1993
Lately,15,Jodeci,86,R&B,7,1993
I’m So Into You,20,SWV,81,R&B,7,1993
Love Is,21,Vanessa Williams and Brian Mcknight,80,R&B,7,1993
Right Here (Human Nature)-Downtown,29,SWV,72,R&B,7,1993
I Have Nothing,30,Whitney Houston,71,R&B,7,1993
If I Had No Loot,35,Tony! Toni! Tone!,66,R&B,7,1993
Looking Through Patient Eyes,38,P.M. Dawn,63,R&B,7,1993
Baby I’m Yours,40,Shai,61,R&B,7,1993
I’d Die Without You,43,P.M. Dawn,58,R&B,7,1993
Another Sad Love Song,46,Toni Braxton,55,R&B,7,1993
Comforter,48,Shai,53,R&B,7,1993
Good Enough,49,Bobby Brown,52,R&B,7,1993
One Last Cry,54,Brian McKnight,47,R&B,7,1993
Just Kickin’ It,55,Xscape,46,R&B,7,1993
Real Love,58,Mary J. Blige,43,R&B,7,1993
Here We Go Again!,59,Portrait,42,R&B,7,1993
Hey Mr. D.J.,64,Zhane,37,R&B,7,1993
The Right Kind Of Love,68,Jeremy Jordan,33,R&B,7,1993
"Give It Up, Turn It Loose",84,En Vogue,17,R&B,7,1993
Ooh Child,88,Dino,13,R&B,7,1993
Anniversary,97,Tony! Toni! Tone!,4,R&B,7,1993
One Woman,98,Jade,3,R&B,7,1993
Can’t Help Falling In Love,3,UB40,98,Reggae,10,1993
Informer,10,Snow,91,Reggae,10,1993
Bad Boys,69,Inner Circle,32,Reggae,10,1993
Sweat (A La La La La Long),77,Inner Circle,24,Reggae,10,1993
The River Of Dreams,26,Billy Joel,75,Rock,8,1993
I’m Gonna Be (500 Miles),27,Proclaimers,74,Rock,8,1993
Have I Told You Lately,32,Rod Stewart,69,Rock,8,1993
Ordinary World,34,Duran Duran,67,Rock,8,1993
I’d Do Anything For Love (But I Won’t Do That),36,Meat Loaf,65,Rock,8,1993
Come Undone,41,Duran Duran,60,Rock,8,1993
Bed Of Roses,57,Bon Jovi,44,Rock,8,1993
Cryin’,60,Aerosmith,41,Rock,8,1993
Cats In The Cradle,61,Ugly Kid Joe,40,Rock,8,1993
Fields Of Gold,87,Sting,14,Rock,8,1993
Reason To Believe,90,Rod Stewart,11,Rock,8,1993
Three Little Pigs,93,Green Jelly,8,Rock,8,1993
Livin’ On The Edge,94,Aerosmith,7,Rock,8,1993
If I Ever Lose My Faith In You,96,Sting,5,Rock,8,1993
Shine,31,Collective Soul,70,Alternative,1,1994
Mmm Mmm Mmm Mmm,35,Crash Test Dummies,66,Alternative,1,1994
Linger,49,Cranberries,52,Alternative,1,1994
Loser,50,Beck,51,Alternative,1,1994
Found Out About You,51,Gin Blossoms,50,Alternative,1,1994
Mary Jane’s Last Dance,77,Tom Petty and The Heartbreakers,24,Alternative,1,1994
Don’t Take The Girl,87,Tim McGraw,14,Country,2,1994
Indian Outlaw,90,Tim McGraw,11,Country,2,1994
The Sign,1,Ace Of Base,100,EDM,3,1994
100% Pure Love,46,Crystal Waters,55,EDM,3,1994
Another Night,63,Real McCoy,38,EDM,3,1994
Mr. Vain,76,Culture Beat,25,EDM,3,1994
What Is Love,97,Haddaway,4,EDM,3,1994
Whatta Man,14,Salt-N-Pepa,87,Hip hop,4,1994
Fantastic Voyage,20,Coolio,81,Hip hop,4,1994
Regulate,22,Warren G and Nate Dogg,79,Hip hop,4,1994
Shoop,29,Salt-N-Pepa,72,Hip hop,4,1994
Funkdafied,37,Da Brat,64,Hip hop,4,1994
Gangsta Lean,39,Drs,62,Hip hop,4,1994
Cantaloop,41,US3,60,Hip hop,4,1994
Whoomp! (There It Is),42,Tag Team,59,Hip hop,4,1994
Gin And Juice,52,Snoop Doggy Dogg,49,Hip hop,4,1994
Getto Jam,55,Domino,46,Hip hop,4,1994
This D.J.,59,Warren G,42,Hip hop,4,1994
Keep Ya Head Up,61,2Pac,40,Hip hop,4,1994
Who Am I (What’s My Name?),62,Snoop Doggy Dogg,39,Hip hop,4,1994
Tootsee Roll,65,69 Boyz,36,Hip hop,4,1994
Flava In Ya Ear,81,Craig Mack,20,Hip hop,4,1994
U.N.I.T.Y.,82,Queen Latifah,19,Hip hop,4,1994
Here Comes The Hotstepper,85,Ini Kamoze,16,Hip hop,4,1994
Got Me Waiting,88,Heavy D and The Boyz,13,Hip hop,4,1994
Back In The Day,93,Ahmad,8,Hip hop,4,1994
Bop Gun (One Nation),99,Ice Cube,2,Hip hop,4,1994
The Power Of Love,4,Celine Dion,97,Pop,5,1994
Hero,5,Mariah Carey,96,Pop,5,1994
Stay (I Missed You),6,Lisa Loeb and Nine Stories,95,Pop,5,1994
All That She Wants,9,Ace Of Base,92,Pop,5,1994
Don’t Turn Around,10,Ace Of Base,91,Pop,5,1994
Again,12,Janet Jackson,89,Pop,5,1994
I’ll Remember,13,Madonna,88,Pop,5,1994
Without You / Never Forget You,16,Mariah Carey,85,Pop,5,1994
If You Go,23,Jon Secada,78,Pop,5,1994
Said I Loved You…But I Lied,32,Michael Bolton,69,Pop,5,1994
Return To Innocence,33,Enigma,68,Pop,5,1994
All I Wanna Do,34,Sheryl Crow,67,Pop,5,1994
Anytime You Need A Friend,47,Mariah Carey,54,Pop,5,1994
Because Of Love,48,Janet Jackson,53,Pop,5,1994
Always,73,Erasure,28,Pop,5,1994
Beautiful In My Eyes,79,Joshua Kadison,22,Pop,5,1994
Prayer For The Dying,83,Seal,18,Pop,5,1994
Secret,84,Madonna,17,Pop,5,1994
"December 1963 (Oh, What A Night)",89,Four Seasons,12,Pop,5,1994
Streets Of Philadelphia,54,Bruce Springsteen,47,Pop rock,6,1994
Everyday,86,Phil Collins,15,Pop rock,6,1994
I Swear,2,All-4-One,99,R&B,7,1994
I’ll Make Love To You,3,Boyz II Men,98,R&B,7,1994
Breathe Again,7,Toni Braxton,94,R&B,7,1994
Bump N’ Grind,11,R. Kelly,90,R&B,7,1994
You Mean The World To Me,17,Toni Braxton,84,R&B,7,1994
The Most Beautiful Girl In The World,19,Prince,82,R&B,7,1994
Back & Forth,24,Aaliyah,77,R&B,7,1994
When Can I See You,26,Babyface,75,R&B,7,1994
So Much In Love,28,All-4-One,73,R&B,7,1994
"Any Time, Any Place / And On And On",30,Janet Jackson,71,R&B,7,1994
Can We Talk,36,Tevin Campbell,65,R&B,7,1994
Stroke You Up,44,Changing Faces,57,R&B,7,1994
I’m Ready,45,Tevin Campbell,56,R&B,7,1994
Never Lie,53,Immature,48,R&B,7,1994
Endless Love,56,Luther Vandross and Mariah Carey,45,R&B,7,1994
I Miss You,57,Aaron Hall,44,R&B,7,1994
Understanding,58,Xscape,43,R&B,7,1994
Cry For You,60,Jodeci,41,R&B,7,1994
Your Body’s Callin’,64,R. Kelly,37,R&B,7,1994
Never Keeping Secrets,67,Babyface,34,R&B,7,1994
Just Kickin’ It,69,Xscape,32,R&B,7,1994
At Your Best (You Are Love),70,Aaliyah,31,R&B,7,1994
Groove Thang,74,Zhane,27,R&B,7,1994
Dreams,75,Gabrielle,26,R&B,7,1994
Anything,78,SWV,23,R&B,7,1994
Stay,80,Eternal,21,R&B,7,1994
I’ll Take You There,95,General Public,6,R&B,7,1994
Always In My Heart,96,Tevin Campbell,5,R&B,7,1994
And Our Feelings,98,Babyface,3,R&B,7,1994
I Wanna Be Down,100,Brandy,1,R&B,7,1994
I Can See Clearly Now,66,Jimmy Cliff,35,Reggae,10,1994
All For Love,8,"Bryan Adams, Rod Stewart and Sting",93,Rock,8,1994
Wild Night,15,John Mellencamp and Me’shell Ndegeocello,86,Rock,8,1994
Can You Feel The Love Tonight,18,Elton John,83,Rock,8,1994
Baby I Love Your Way,21,Big Mountain,80,Rock,8,1994
Now And Forever,25,Richard Marx,76,Rock,8,1994
Please Forgive Me,27,Bryan Adams,74,Rock,8,1994
I’d Do Anything For Love (But I Won’t Do That),38,Meat Loaf,63,Rock,8,1994
Because The Night,40,"10,000 Maniacs",61,Rock,8,1994
Come To My Window,43,Melissa Etheridge,58,Rock,8,1994
Crazy,68,Aerosmith,33,Rock,8,1994
Rock And Roll Dreams Come Through,71,Meat Loaf,30,Rock,8,1994
Amazing,72,Aerosmith,29,Rock,8,1994
Always,91,Bon Jovi,10,Rock,8,1994
I’m The Only One,92,Melissa Etheridge,9,Rock,8,1994
Love Sneakin’ Up On You,94,Bonnie Raitt,7,Rock,8,1994
I Believe,27,Blessid Union Of Souls,74,Alternative,1,1995
December,41,Collective Soul,60,Alternative,1,1995
Hold On,52,Jamie Walters,49,Alternative,1,1995
"Hold Me, Thrill Me, Kiss Me, Kill Me",81,U2,20,Alternative,1,1995
Good,85,Better Than Ezra,16,Alternative,1,1995
I Live My Life For You,91,Firehouse,10,Alternative,1,1995
Misery,99,Soul Asylum,2,Alternative,1,1995
Run-Around,14,Blues Traveler,87,Blues,9,1995
Cotton Eye Joe,93,Rednex,8,Country,2,1995
Another Night,6,Real McCoy,95,EDM,3,1995
Total Eclipse Of The Heart,19,Nicki French,82,EDM,3,1995
Run Away,38,Real McCoy,63,EDM,3,1995
The Rhythm Of The Night,54,Corona,47,EDM,3,1995
You Want This-70’s Love Groove,64,Janet Jackson,37,EDM,3,1995
100% Pure Love,82,Crystal Waters,19,EDM,3,1995
Turn The Beat Around,87,Gloria Estefan,14,EDM,3,1995
I’ll Stand By You,95,Pretenders,6,EDM,3,1995
Gangsta’s Paradise,1,Coolio,100,Hip hop,4,1995
One More Chance-Stay With Me,23,Notorious B.I.G.,78,Hip hop,4,1995
Here Comes The Hotstepper,24,Ini Kamoze,77,Hip hop,4,1995
I Got 5 On It,36,Luniz,65,Hip hop,4,1995
I’ll Be There For You-You’re All I Need To Get By,42,Method Man-Mary J. Blige,59,Hip hop,4,1995
Big Poppa / Warning,47,Notorious B.I.G.,54,Hip hop,4,1995
Dear Mama / Old School,51,2Pac,50,Hip hop,4,1995
Keep Their Heads Ringin’,53,Dr. Dre,48,Hip hop,4,1995
I Wish,58,Skee-lo,43,Hip hop,4,1995
Tootsee Roll,63,69 Boyz,38,Hip hop,4,1995
Player’s Anthem,72,Junior M.A.F.I.A.,29,Hip hop,4,1995
Feel Me Flow,73,Naughty By Nature,28,Hip hop,4,1995
Sugar Hill,84,Az,17,Hip hop,4,1995
1st Of Tha Month,89,Bone Thugs-N-Harmony,12,Hip hop,4,1995
Give It 2 You,97,Da Brat,4,Hip hop,4,1995
Kiss From A Rose,4,Seal,97,Pop,5,1995
Fantasy,7,Mariah Carey,94,Pop,5,1995
Take A Bow,8,Madonna,93,Pop,5,1995
You Gotta Be,20,Des’ree,81,Pop,5,1995
Runaway,29,Janet Jackson,72,Pop,5,1995
Strong Enough,30,Sheryl Crow,71,Pop,5,1995
As I Lay Me Down,39,Sophie B. Hawkins,62,Pop,5,1995
Back For Good,62,Take That,39,Pop,5,1995
All I Wanna Do,67,Sheryl Crow,34,Pop,5,1995
Short Dick Man,76,20 Fingers feat. Gillette,25,Pop,5,1995
No More “I Love You’s”,78,Annie Lennox,23,Pop,5,1995
I Know,11,Dionne Farris,90,Pop rock,6,1995
Hold My Hand,22,Hootie and The Blowfish,79,Pop rock,6,1995
Only Wanna Be With You,33,Hootie and The Blowfish,68,Pop rock,6,1995
In The House Of Stone And Light,35,Martin Page,66,Pop rock,6,1995
Roll To Me,55,Del Amitri,46,Pop rock,6,1995
Come And Get Your Love,69,Real McCoy,32,Pop rock,6,1995
This Ain’t A Love Song,70,Bon Jovi,31,Pop rock,6,1995
Waterfalls,2,TLC,99,R&B,7,1995
Creep,3,TLC,98,R&B,7,1995
On Bended Knee,5,Boyz II Men,96,R&B,7,1995
Don’t Take It Personal (Just One Of Dem Days),9,Monica,92,R&B,7,1995
This Is How We Do It,10,Montell Jordan,91,R&B,7,1995
Water Runs Dry,12,Boyz II Men,89,R&B,7,1995
Freak Like Me,13,Adina Howard,88,R&B,7,1995
I Can Love You Like That,15,All-4-One,86,R&B,7,1995
You Are Not Alone,21,Michael Jackson,80,R&B,7,1995
Candy Rain,25,Soul For Real,76,R&B,7,1995
Red Light Special,28,TLC,73,R&B,7,1995
Colors Of The Wind,31,Vanessa Williams,70,R&B,7,1995
Someone To Love,32,Jon B.,69,R&B,7,1995
If You Love Me,34,Brownstone,67,R&B,7,1995
Baby,37,Brandy,64,R&B,7,1995
He’s Mine,40,Mokenstef,61,R&B,7,1995
Every Little Thing I Do,45,Soul For Real,56,R&B,7,1995
Before I Let You Go,46,BLACKstreet,55,R&B,7,1995
Sukiyaki,48,4 P.M.,53,R&B,7,1995
I Wanna Be Down,49,Brandy,52,R&B,7,1995
I’ll Make Love To You,50,Boyz II Men,51,R&B,7,1995
Scream / Childhood,56,Michael Jackson and Janet Jackson,45,R&B,7,1995
Freek’n You,57,Jodeci,44,R&B,7,1995
Tell Me,65,Groove Theory,36,R&B,7,1995
Can’t You See,66,Total,35,R&B,7,1995
This Lil’ Game We Play,68,Subway,33,R&B,7,1995
Secret,71,Madonna,30,R&B,7,1995
Every Day Of The Week,74,Jade,27,R&B,7,1995
The Sweetest Days,75,Vanessa Williams,26,R&B,7,1995
Brokenhearted,77,Brandy,24,R&B,7,1995
You Used To Love Me,79,Faith Evans,22,R&B,7,1995
Constantly,80,Immature,21,R&B,7,1995
Ask Of You,83,Raphael Saadiq,18,R&B,7,1995
Brown Sugar,86,D’angelo,15,R&B,7,1995
‘Til You Do Me Right,88,After 7,13,R&B,7,1995
Dream About You-Funky Melody,92,Stevie B,9,R&B,7,1995
I Miss You,96,N II U,5,R&B,7,1995
Best Friend,98,Brandy,3,R&B,7,1995
Thank You,94,Boyz II Men,7,R&B,7,1995
Boombastic / In The Summertime,18,Shaggy,83,Reggae,10,1995
Shy Guy,43,Diana King,58,Reggae,10,1995
Have You Ever Really Loved A Woman?,16,Bryan Adams,85,Rock,8,1995
Always,17,Bon Jovi,84,Rock,8,1995
Let Her Cry,26,Hootie and The Blowfish,75,Rock,8,1995
I’m The Only One,44,Melissa Etheridge,57,Rock,8,1995
Believe,59,Elton John,42,Rock,8,1995
Carnival,60,Natalie Merchant,41,Rock,8,1995
You Don’t Know How It Feels,61,Tom Petty,40,Rock,8,1995
Like The Way I Do-If I Wanted To,90,Melissa Etheridge,11,Rock,8,1995
Can’t Stop Lovin’ You,100,Van Halen,1,Rock,8,1995
Missing,12,Everything But The Girl,89,Alternative,1,1996
Follow You Down / Til I Hear It From You,15,Gin Blossoms,86,Alternative,1,1996
Name,24,Goo Goo Dolls,77,Alternative,1,1996
Counting Blue Cars,28,Dishwalla,73,Alternative,1,1996
You Learn / You Oughta Know,29,Alanis Morissette,72,Alternative,1,1996
One Of Us,30,Joan Osborne,71,Alternative,1,1996
Wonder,31,Natalie Merchant,70,Alternative,1,1996
Breakfast At Tiffany’s,39,Deep Blue Something,62,Alternative,1,1996
The World I Know,41,Collective Soul,60,Alternative,1,1996
1979,44,The Smashing Pumpkins,57,Alternative,1,1996
Wonderwall,56,Oasis,45,Alternative,1,1996
Closer To Free,67,Bodeans,34,Alternative,1,1996
Jealousy,78,Natalie Merchant,23,Alternative,1,1996
I Got Id / Long Road,96,Pearl Jam,5,Alternative,1,1996
Macarena (Bayside Boys Mix),1,Los Del Rio,100,EDM,3,1996
Be My Lover,23,La Bouche,78,EDM,3,1996
Sweet Dreams,37,La Bouche,64,EDM,4,1996
Children,65,Robert Miles,36,EDM,3,1996
This Is Your Night,82,Amber,19,EDM,3,1996
Set U Free,85,Planet Soul,16,EDM,3,1996
Beautiful Life,94,Ace Of Base,7,EDM,3,1996
Macarena,98,Los Del Rio,3,EDM,3,1996
Tha Crossroads,7,Bone Thugs-N-Harmony,94,Hip hop,4,1996
C’mon N’ Ride It (The Train),11,Quad City Dj’s,90,Hip hop,4,1996
How Do U Want It / California Love,17,2Pac,84,Hip hop,4,1996
Hey Lover,20,LL Cool J,81,Hip hop,4,1996
Loungin,21,LL Cool J,80,Hip hop,4,1996
Gangsta’s Paradise,33,Coolio,68,Hip hop,4,1996
Only You,34,112 feat. The Notorious B.I.G.,67,Hip hop,4,1996
"1, 2, 3, 4 (Sumpin’ New)",40,Coolio,61,Hip hop,4,1996
No Diggity,42,BLACKstreet (feat. Dr. Dre),59,Hip hop,4,1996
Woo-hah!! Got You All In Check / Everything Remains Raw,57,Busta Rhymes,44,Hip hop,4,1996
Elevators (Me & You),59,Outkast,42,Hip hop,4,1996
Doin It,61,LL Cool J,40,Hip hop,4,1996
Tonite’s Tha Night,64,Kris Kross,37,Hip hop,4,1996
"Keep On, Keepin’ On",77,Mc Lyte,24,Hip hop,4,1996
Hit Me Off,86,New Edition,15,Hip hop,4,1996
Get Money,89,Junior M.A.F.I.A.,12,Hip hop,4,1996
Po Pimp,91,Do Or Die,10,Hip hop,4,1996
Hay,93,Crucial Conflict,8,Hip hop,4,1996
Because You Loved Me,3,Celine Dion,98,Pop,5,1996
Always Be My Baby,5,Mariah Carey,96,Pop,5,1996
I Love You Always Forever,8,Donna Lewis,93,Pop,5,1996
Twisted,10,Keith Sweat,91,Pop,5,1996
It’s All Coming Back To Me Now,18,Celine Dion,83,Pop,5,1996
Where Do You Go,26,No Mercy,75,Pop,5,1996
Fantasy,49,Mariah Carey,52,Pop,5,1996
You’ll See,51,Madonna,50,Pop,5,1996
Mouth,53,Merril Bainbridge,48,Pop,5,1996
Fastlove,62,George Michael,39,Pop,5,1996
As I Lay Me Down,76,Sophie B. Hawkins,25,Pop,5,1996
Un-Break My Heart,81,Toni Braxton,20,Pop,5,1996
Runaway,84,Janet Jackson,17,Pop,5,1996
Back For Good,95,Take That,6,Pop,5,1996
Don’t Cry,100,Seal,1,Pop,5,1996
Ironic,13,Alanis Morissette,88,Pop rock,6,1996
Insensitive,22,Jann Arden,79,Pop rock,6,1996
Time,50,Hootie and The Blowfish,51,Pop rock,6,1996
Old Man and Me (When I Get To Heaven),74,Hootie and The Blowfish,27,Pop rock,6,1996
Only Wanna Be With You,99,Hootie and The Blowfish,2,Pop rock,6,1996
One Sweet Day,2,Mariah Carey and Boyz II Men,99,R&B,7,1996
Nobody Knows,4,Tony Rich Project,97,R&B,7,1996
You’re Makin’ Me High / Let It Flow,9,Toni Braxton,92,R&B,7,1996
Exhale (Shoop Shoop),14,Whitney Houston,87,R&B,7,1996
Sittin’ Up In My Room,16,Brandy,85,R&B,7,1996
I Can’t Sleep Baby (If I),27,R. Kelly,74,R&B,7,1996
Not Gon’ Cry,32,Mary J. Blige,69,R&B,7,1996
Down Low (Nobody Has To Know),35,R. Kelly,66,R&B,7,1996
You’re The One,36,SWV,65,R&B,7,1996
Before You Walk Out Of My Life / Like This And Like That,38,Monica,63,R&B,7,1996
Anything,43,3t,58,R&B,7,1996
Diggin’ On You,45,TLC,56,R&B,7,1996
Why I Love You So Much / Ain’t Nobody,46,Monica,55,R&B,7,1996
Kissin’ You,47,Total,54,R&B,7,1996
Count On Me,48,Whitney Houston and Cece Winans,53,R&B,7,1996
Last Night,52,Az Yet,49,R&B,7,1996
"The Earth, The Sun, The Rain",54,Color Me Badd,47,R&B,7,1996
All The Things (Your Man Won’t Do),55,Joe,46,R&B,7,1996
Tell Me,58,Groove Theory,43,R&B,7,1996
Touch Me Tease Me,63,Case feat. Foxxy Brown,38,R&B,7,1996
If Your Girl Only Knew,69,Aaliyah,32,R&B,7,1996
Lady,70,D’angelo,31,R&B,7,1996
Pony,72,Ginuwine,29,R&B,7,1996
Nobody,73,Keith Sweat,28,R&B,7,1996
Who Do U Love,80,Deborah Cox,21,R&B,7,1996
You Remind Me Of Something,83,R. Kelly,18,R&B,7,1996
No One Else,87,Total,14,R&B,7,1996
My Boo,88,Ghost Town Dj’s,13,R&B,7,1996
Soon As I Get Home,97,Faith Evans,4,R&B,7,1996
That Girl,90,Maxi Priest feat. Shaggy,11,Reggae,10,1996
Give Me One Reason,6,Tracy Chapman,95,Rock,8,1996
Change The World,19,Eric Clapton,82,Rock,8,1996
Who Will Save Your Soul,25,Jewel,76,Rock,8,1996
Hook,60,Blues Traveler,41,Rock,8,1996
Theme From Mission: Impossible,66,Adam Clayton and Larry Mullen,35,Rock,8,1996
Just A Girl,68,No Doubt,33,Rock,8,1996
Key West Intermezzo (I Saw You First),71,John Mellencamp,30,Rock,8,1996
If It Makes You Happy,75,Sheryl Crow,26,Rock,7,1996
I Want To Come Over,79,Melissa Etheridge,22,Rock,8,1996
Until It Sleeps,92,Metallica,9,Rock,8,1996
Bitch,15,Meredith Brooks,86,Alternative,1,1997
Semi-Charmed Life,17,Third Eye Blind,84,Alternative,1,1997
Barely Breathing,18,Duncan Sheik,83,Alternative,1,1997
The Freshmen,21,Verve Pipe,80,Alternative,1,1997
All For You,36,Sister Hazel,65,Alternative,1,1997
Where Have All The Cowboys Gone?,38,Paula Cole,63,Alternative,1,1997
Your Woman,65,White Town,36,Alternative,1,1997
Tubthumping,69,Chumbawamba,32,Alternative,1,1997
Naked Eye,81,Luscious Jackson,20,Alternative,1,1997
When You’re Gone / Free To Decide,95,Cranberries,6,Alternative,1,1997
It’s Your Love,40,Tim McGraw and Faith Hill,61,Country,2,1997
Ooh Aah… Just A Little Bit,41,Gina G,60,EDM,3,1997
Macarena (Bayside Boys Mix),82,Los Del Rio,19,EDM,3,1997
One More Time,90,Real McCoy,11,EDM,3,1997
Coco Jamboo,92,Mr. President,9,EDM,3,1997
Barbie Girl,94,Aqua,7,EDM,3,1997
I’ll Be Missing You,3,Puff Daddy and Faith Evans,98,Hip hop,4,1997
Can’t Nobody Hold Me Down,5,Puff Daddy,96,Hip hop,4,1997
Mo Money Mo Problems,20,Notorious B.I.G.,81,Hip hop,4,1997
No Diggity,23,BLACKstreet feat. Dr. Dre,78,Hip hop,4,1997
Hypnotize,25,Notorious B.I.G.,76,Hip hop,4,1997
Da’ Dip,34,Freaknasty,67,Hip hop,4,1997
Cupid,37,112,64,Hip hop,4,1997
Not Tonight,46,Lil’ Kim,55,Hip hop,4,1997
Look Into My Eyes,47,Bone Thugs-N-Harmony,54,Hip hop,4,1997
I’ll Be,54,Foxy Brown feat. Jay-Z,47,Hip hop,4,1997
Up Jumps Da Boogie,58,Magoo And Timbaland,43,Hip hop,4,1997
Cold Rock A Party,61,Mc Lyte,40,Hip hop,4,1997
C U When U Get There,66,Coolio,35,Hip hop,4,1997
My Baby Daddy,68,B-Rock and The Bizz,33,Hip hop,4,1997
ESPN Presents The Jock Jam,72,Various Artists,29,Hip hop,4,1997
Big Daddy,73,Heavy D,28,Hip hop,4,1997
What About Us,74,Total,27,Hip hop,4,1997
Smile,75,Scarface,26,Hip hop,4,1997
No Time,80,Lil’ Kim,21,Hip hop,4,1997
I Shot The Sheriff,85,Warren G,16,Hip hop,4,1997
Let Me Clear My Throat,96,DJ Kool,5,Hip hop,4,1997
Foolish Games / You Were Meant For Me,2,Jewel,99,Pop,5,1997
Un-Break My Heart,4,Toni Braxton,97,Pop,5,1997
How Do I Live,9,LeAnn Rimes,92,Pop,5,1997
Wannabe,10,Spice Girls,91,Pop,5,1997
Quit Playing Games (With My Heart),11,Backstreet Boys,90,Pop,5,1997
Say You’ll Be There,28,Spice Girls,73,Pop,5,1997
Do You Know (What It Takes),29,Robyn,72,Pop,5,1997
2 Become 1,35,Spice Girls,66,Pop,5,1997
Mouth,42,Merril Bainbridge,59,Pop,5,1997
All Cried Out,43,Allure feat. 112,58,Pop,5,1997
Invisible Man,45,98 Degrees,56,Pop,5,1997
All By Myself,49,Celine Dion,52,Pop,5,1997
It’s All Coming Back To Me Now,50,Celine Dion,51,Pop,5,1997
Where Do You Go,52,No Mercy,49,Pop,5,1997
I Love You Always Forever,64,Donna Lewis,37,Pop,5,1997
Don’t Cry For Me Argentina,87,Madonna,14,Pop,5,1997
Go The Distance,89,Michael Bolton,12,Pop,5,1997
Twisted,93,Keith Sweat,8,Pop,5,1997
I Like It,97,Blackout Allstars,4,Pop,5,1997
You’re Makin’ Me High / Let It Flow,98,Toni Braxton,3,Pop,5,1997
You Must Love Me,99,Madonna,2,Pop,5,1997
MMMBop,12,Hanson,89,Pop rock,6,1997
I Want You,22,Savage Garden,79,Pop rock,6,1997
I Finally Found Someone,53,Barbra Streisand and Bryan Adams,48,Pop rock,6,1997
When You Love A Woman,57,Journey,44,Pop rock,6,1997
Everyday Is A Winding Road,60,Sheryl Crow,41,Pop rock,6,1997
Building A Mystery,63,Sarah McLachlan,38,Pop rock,6,1997
I Believe I Can Fly,6,R. Kelly,95,R&B,7,1997
Don’t Let Go (Love),7,En Vogue,94,R&B,7,1997
Return Of The Mack,8,Mark Morrison,93,R&B,7,1997
For You I Will,13,Monica,88,R&B,7,1997
You Make Me Wanna…,14,Usher,87,R&B,7,1997
Nobody,16,Keith Sweat,85,R&B,7,1997
I Belong To You (Every Time I See Your Face),24,Rome,77,R&B,7,1997
Every Time I Close My Eyes,26,Babyface,75,R&B,7,1997
In My Bed,27,Dru Hill,74,R&B,7,1997
4 Seasons Of Loneliness,30,Boyz II Men,71,R&B,7,1997
G.H.E.T.T.O.U.T.,31,Changing Faces,70,R&B,7,1997
Honey,32,Mariah Carey,69,R&B,7,1997
I Believe In You And Me,33,Whitney Houston,68,R&B,7,1997
I’m Still In Love With You,44,New Edition,57,R&B,7,1997
Get It Together,48,702,53,R&B,7,1997
My Love Is The Shhh!,51,Somethin’ For The People,50,R&B,7,1997
Never Make A Promise,56,Dru Hill,45,R&B,7,1997
I Don’t Want To / I Love Me Some Him,59,Toni Braxton,42,R&B,7,1997
Pony,62,Ginuwine,39,R&B,7,1997
Gotham City,70,R. Kelly,31,R&B,7,1997
Last Night,71,Az Yet,30,R&B,7,1997
What’s On Tonight,76,Montell Jordan,25,R&B,7,1997
The One I Gave My Heart To,78,Aaliyah,23,R&B,7,1997
On & On,83,Erykah Badu,18,R&B,7,1997
Don’t Wanna Be A Player,84,Joe,17,R&B,7,1997
You Should Be Mine (Don’t Waste Your Time),86,Brian McKnight feat. Mase,15,R&B,7,1997
Someone,88,SWV,13,R&B,7,1997
Butta Love,91,Next,10,R&B,7,1997
Let It Go,100,Ray J,1,R&B,7,1997
Candle In The Wind 1997,1,Elton John,100,Rock,8,1997
Hard To Say I’m Sorry,19,Az Yet feat. Peter Cetera,82,Rock,8,1997
Sunny Came Home,39,Shawn Colvin,62,Rock,8,1997
If It Makes You Happy,55,Sheryl Crow,46,Rock,8,1997
Change The World,67,Eric Clapton,34,Rock,8,1997
Secret Garden,77,Bruce Springsteen,24,Rock,8,1997
Fly Like An Eagle,79,Seal,22,Rock,8,1997
How’s It Going To Be,11,Third Eye Blind,90,Alternative,1,1998
Sex And Candy,28,Marcy Playground,73,Alternative,1,1998
Tubthumping,35,Chumbawamba,66,Alternative,1,1998
One Week,51,Barenaked Ladies,50,Alternative,1,1998
Semi-Charmed Life,57,Third Eye Blind,44,Alternative,1,1998
All For You,76,Sister Hazel,25,Alternative,1,1998
You’re Still The One,3,Shania Twain,98,Country,2,1998
This Kiss,25,Faith Hill,76,Country,2,1998
Looking Through Your Eyes,60,LeAnn Rimes,41,Country,2,1998
Together Again,6,Janet,95,EDM,3,1998
The Mummers’ Dance,83,Loreena McKennitt,18,Folk,13,1998
Too Close,1,Next,100,Hip hop,4,1998
Gettin’ Jiggy Wit It,14,Will Smith,87,Hip hop,4,1998
Been Around The World,19,Puff Daddy and The Family,82,Hip hop,4,1998
Body Bumpin Yippie-Yi-Yo,24,Public Announcement,77,Hip hop,4,1998
What You Want,31,Mase,70,Hip hop,4,1998
Gone Till November,33,Wyclef Jean,68,Hip hop,4,1998
Deja Vu (Uptown Baby),36,Lord Tariq and Peter Gunz,65,Hip hop,4,1998
Make Em’ Say Uhh!,40,Master P,61,Hip hop,4,1998
Make It Hot,41,Nicole feat. Missy “Misdemeanor” Elliott and Mocha,60,Hip hop,4,1998
Feel So Good,44,Mase,57,Hip hop,4,1998
Come With Me,47,Puff Daddy,54,Hip hop,4,1998
Romeo And Juliet,48,Sylk-E Fyne,53,Hip hop,4,1998
Lookin’ At Me,59,Mase,42,Hip hop,4,1998
I Got The Hook Up!,67,Master P,34,Hip hop,4,1998
Victory,68,Puff Daddy and The Family,33,Hip hop,4,1998
Ghetto Supastar (That Is What You Are),70,Pras Feat. Ol’ Dirty Bastard and Mya,31,Hip hop,4,1998
Turn It Up [Remix] / Fire It Up,73,Busta Rhymes,28,Hip hop,4,1998
"Money, Power & Respect",78,Lox,23,Hip hop,4,1998
Dangerous,80,Busta Rhymes,21,Hip hop,4,1998
All Cried Out,84,Allure feat. 112,17,Hip hop,4,1998
Still Not A Player,85,Big Punisher feat. Joe,16,Hip hop,4,1998
Do For Love,89,2Pac,12,Hip hop,4,1998
Raise The Roof,90,Luke,11,Hip hop,4,1998
The Party Continues,92,Jermaine Dupri,9,Hip hop,4,1998
Sock It 2 Me,93,Missy “Misdemeanor” Elliott feat. Da Brat,8,Hip hop,4,1998
A Rose Is Still A Rose,95,Aretha Franklin,6,Hip hop,4,1998
Father,97,LL Cool J,4,Hip hop,4,1998
Truly Madly Deeply,4,Savage Garden,97,Pop,5,1998
How Do I Live,5,LeAnn Rimes,96,Pop,5,1998
Candle In The Wind 1997,8,Elton John,93,Pop,5,1998
My Heart Will Go On,13,Celine Dion,88,Pop,5,1998
My All,17,Mariah Carey,84,Pop,5,1998
Adia,20,Sarah McLachlan,81,Pop,5,1998
Crush,21,Jennifer Paige,80,Pop,5,1998
Show Me Love,29,Robyn,72,Pop,5,1998
Frozen,32,Madonna,69,Pop,5,1998
I Want You Back,37,‘N Sync,64,Pop,5,1998
When The Lights Go Out,38,Five,63,Pop,5,1998
Never Ever,42,All Saints,59,Pop,5,1998
I Do,58,Lisa Loeb,43,Pop,5,1998
Time After Time,64,Inoj,37,Pop,5,1998
Cruel Summer,66,Ace Of Base,35,Pop,5,1998
Too Much,69,Spice Girls,32,Pop,5,1998
Ray Of Light,75,Madonna,26,Pop,5,1998
Bitter Sweet Symphony,79,The Verve,22,Pop,5,1998
Spice Up Your Life,81,Spice Girls,20,Pop,5,1998
Because Of You,82,98 Degrees,19,Pop,5,1998
Foolish Games / You Were Meant For Me,87,Jewel,14,Pop,5,1998
I Don’t Want To Wait,10,Paula Cole,91,Pop rock,6,1998
Kiss The Rain,46,Billie Myers,55,Pop rock,6,1998
I Will Come To You,50,Hanson,51,Pop rock,6,1998
Are You Jimmy Ray?,65,Jimmy Ray,36,Pop rock,6,1998
I’ll Be,74,Edwin McCain,27,Pop rock,6,1998
The Boy Is Mine,2,Brandy and Monica,99,R&B,7,1998
All My Life,7,K-Ci and JoJo,94,R&B,7,1998
Nice & Slow,9,Usher,92,R&B,7,1998
"No, No, No",12,Destiny’s Child,89,R&B,7,1998
You Make Me Wanna…,15,Usher,86,R&B,7,1998
My Way,16,Usher,85,R&B,7,1998
The First Night,18,Monica,83,R&B,7,1998
Everybody (Backstreet’s Back),22,Backstreet Boys,79,R&B,7,1998
I Don’t Ever Want To See You Again,26,Uncle Sam,75,R&B,7,1998
Let’s Ride,27,Montell Jordan,74,R&B,7,1998
A Song For Mama,30,Boyz II Men,71,R&B,7,1998
My Body,34,Lsg,67,R&B,7,1998
They Don’t Know,39,Jon B.,62,R&B,7,1998
I Get Lonely,43,Janet Jackson,58,R&B,7,1998
Say It,45,Voices Of Theory,56,R&B,7,1998
It’s All About Me,49,Mya and Sisqo,52,R&B,7,1998
Swing My Way,52,K.P. and Envyi,49,R&B,7,1998
The Arms Of The One Who Loves You,53,Xscape,48,R&B,7,1998
My Love Is The Shhh!,54,Somethin’ For The People,47,R&B,7,1998
Daydreamin’,55,Tatyana Ali,46,R&B,7,1998
We’re Not Making Love No More,56,Dru Hill,45,R&B,7,1998
Lately,61,Divine,40,R&B,7,1998
Quit Playing Games (With My Heart),62,Backstreet Boys,39,R&B,7,1998
I Still Love You,63,Next,38,R&B,7,1998
How Deep Is Your Love,71,Dru Hill feat. Redman,30,R&B,7,1998
Friend Of Mine,72,Kelly Price,29,R&B,7,1998
Touch It,77,Monifah,24,R&B,7,1998
The One I Gave My Heart To,86,Aaliyah,15,R&B,7,1998
Love You Down,88,Inoj,13,R&B,7,1998
Heaven,91,Nu Flavor,10,R&B,7,1998
Butta Love,94,Next,7,R&B,7,1998
4 Seasons Of Loneliness,96,Boyz II Men,5,R&B,7,1998
Thinkin’ Bout It,98,Gerald Levert,3,R&B,7,1998
Nobody’s Supposed To Be Here,99,Deborah Cox,2,R&B,7,1998
Westside,100,TQ,1,R&B,7,1998
I Don’t Want To Miss A Thing,23,Aerosmith,78,Rock,8,1998
Slide,13,Goo Goo Dolls,88,Alternative,1,1999
Save Tonight,22,Eagle-Eye Cherry,79,Alternative,1,1999
Last Kiss,23,Pearl Jam,78,Alternative,1,1999
Scar Tissue,34,Red Hot Chili Peppers,67,Alternative,1,1999
Jumper,40,Third Eye Blind,61,Alternative,1,1999
Back 2 Good,49,Matchbox 20,52,Alternative,1,1999
Black Balloon,64,Goo Goo Dolls,37,Alternative,1,1999
Iris,94,Goo Goo Dolls,7,Alternative,1,1999
Better Days (And The Bottom Drops Out),96,Citizen King,5,Alternative,1,1999
That Don’t Impress Me Much,32,Shania Twain,69,Country,2,1999
Please Remember Me,56,Tim McGraw,45,Country,2,1999
From This Moment On,57,Shania Twain,44,Country,2,1999
I Don’t Want To Miss A Thing,67,Mark Chesnutt,34,Country,2,1999
How Forever Feels,84,Kenny Chesney,17,Country,2,1999
Amazed,85,Lonestar,16,Country,2,1999
Lesson In Leavin’,93,Jo Dee Messina,8,Country,2,1999
Write This Down,98,George Strait,3,Country,2,1999
What’s It Gonna Be?!,27,Busta Rhymes feat. Janet,74,Hip hop,4,1999
What It’s Like,28,Everlast,73,Hip hop,4,1999
Wild Wild West,33,Will Smith feat. Dru Hill and Kool Moe Dee,68,Hip hop,4,1999
Heartbreaker,35,Mariah Carey feat. Jay-Z,66,Hip hop,4,1999
Can I Get A…,39,Jay-Z feat. Amil (Of Major Coinz) and Ja,62,Hip hop,4,1999
Doo Wop (That Thing),41,Lauryn Hill,60,Hip hop,4,1999
Anywhere,47,112 feat. Lil’Z,54,Hip hop,4,1999
808,50,Blaque,51,Hip hop,4,1999
Miami,53,Will Smith,48,Hip hop,4,1999
Who Dat,55,JT Money feat. Sole,46,Hip hop,4,1999
Back That Thang Up,75,Juvenile feat. Mannie Fresh and Lil’ Wayne,26,Hip hop,4,1999
Steal My Sunshine,78,Len,23,Hip hop,4,1999
Ghetto Cowboy,87,Mo Thugs Family feat. Bone Thugs-N-Harmony,14,Hip hop,4,1999
Hard Knock Life (Ghetto Anthem),89,Jay-Z,12,Hip hop,4,1999
Jamboree,90,Naughty By Nature feat. Zhane,11,Hip hop,4,1999
Take Me There,91,BLACKstreet and Mya feat. Mase and Blinky Blink,10,Hip hop,4,1999
Satisfy You,95,Puff Daddy feat. R. Kelly,6,Hip hop,4,1999
Believe,1,Cher,100,Pop,5,1999
…Baby One More Time,5,Britney Spears,96,Pop,5,1999
Genie In A Bottle,7,Christina Aguilera,94,Pop,5,1999
Livin’ La Vida Loca,10,Ricky Martin,91,Pop,5,1999
If You Had My Love,12,Jennifer Lopez,89,Pop,5,1999
Have You Ever?,14,Brandy,87,Pop,5,1999
I Want It That Way,15,Backstreet Boys,86,Pop,5,1999
Angel,18,Sarah McLachlan,83,Pop,5,1999
All I Have To Give,25,Backstreet Boys,76,Pop,5,1999
Bailamos,26,Enrique Iglesias,75,Pop,5,1999
I Still Believe,36,Mariah Carey,65,Pop,5,1999
The Hardest Thing,37,98 Degrees,64,Pop,5,1999
Summer Girls,38,LFO,63,Pop,5,1999
Mambo No. 5 (A Little Bit Of…),42,Lou Bega,59,Pop,5,1999
(God Must Have Spent) A Little More Time On You,45,‘N Sync,56,Pop,5,1999
She’s All I Ever Had,52,Ricky Martin,49,Pop,5,1999
Give It To You,63,Jordan Knight,38,Pop,5,1999
I Do (Cherish You),68,98 Degrees,33,Pop,5,1999
Because Of You,69,98 Degrees,32,Pop,5,1999
I Will Remember You (Live),70,Sarah McLachlan,31,Pop,5,1999
Man! I Feel Like A Woman!,77,Shania Twain,24,Pop,5,1999
I Need To Know,79,Marc Anthony,22,Pop,5,1999
Sometimes,86,Britney Spears,15,Pop,5,1999
Stay The Same,92,Joey McIntyre,9,Pop,5,1999
Music Of My Heart,97,N Sync and Gloria Estefan,4,Pop,5,1999
God Must Have Spent A Little More Time On You,100,Alabama feat. ‘N Sync,1,Pop,5,1999
Kiss Me,6,Sixpence None The Richer,95,Pop rock,6,1999
Every Morning,8,Sugar Ray,93,Pop rock,6,1999
All Star,17,Smash Mouth,84,Pop rock,6,1999
Unpretty,20,TLC,81,Pop rock,6,1999
Someday,30,Sugar Ray,71,Pop rock,6,1999
She’s So High,51,Tal Bachman,50,Pop rock,6,1999
Hands,54,Jewel,47,Pop rock,6,1999
No Scrubs,2,TLC,99,R&B,7,1999
Angel Of Mine,3,Monica,98,R&B,7,1999
Heartbreak Hotel,4,Whitney Houston,97,R&B,7,1999
Nobody’s Supposed To Be Here,9,Deborah Cox,92,R&B,7,1999
Where My Girls At?,11,702,90,R&B,7,1999
I’m Your Angel,16,R. Kelly and Celine Dion,85,R&B,7,1999
"Bills, Bills, Bills",21,Destiny’s Child,80,R&B,7,1999
Fortunate,24,Maxwell,77,R&B,7,1999
Lately,31,Divine,70,R&B,7,1999
Sweet Lady,43,Tyrese,58,R&B,7,1999
It’s Not Right But It’s Okay,44,Whitney Houston,57,R&B,7,1999
Tell Me It’s Real,48,K-Ci and JoJo,53,R&B,7,1999
Love Like This,58,Faith Evans,43,R&B,7,1999
You,59,Jesse Powell,42,R&B,7,1999
Trippin’,60,Total feat. Missy Elliott,41,R&B,7,1999
If You (Lovin’ Me),61,Silk,40,R&B,7,1999
Ex-Factor,62,Lauryn Hill,39,R&B,7,1999
Spend My Life With You,65,Eric Benet feat. Tamia,36,R&B,7,1999
These Are The Times,66,Dru Hill,35,R&B,7,1999
Chante’s Got A Man,71,Chante Moore,30,R&B,7,1999
Happily Ever After,72,Case,29,R&B,7,1999
My Love Is Your Love,73,Whitney Houston,28,R&B,7,1999
All Night Long,74,Faith Evans feat. Puff Daddy,27,R&B,7,1999
Almost Doesn’t Count,76,Brandy,25,R&B,7,1999
So Anxious,80,Ginuwine,21,R&B,7,1999
Faded Pictures,81,Case and Joe,20,R&B,7,1999
Back At One,82,Brian McKnight,19,R&B,7,1999
When A Woman’s Fed Up,83,R. Kelly,18,R&B,7,1999
When You Believe,99,Whitney Houston and Mariah Carey,2,R&B,7,1999
Smooth,19,Santana feat. Rob Thomas,82,Rock,8,1999
Fly Away,29,Lenny Kravitz,72,Rock,8,1999
Lullaby,46,Shawn Mullins,55,Rock,8,1999
Out Of My Head,88,Fastball,13,Rock,8,1999
Everything You Want,5,Vertical Horizon,96,Alternative,1,2000
Bent,9,matchbox twenty,92,Alternative,1,2000
Absolutely (Story Of A Girl),35,Nine Days,66,Alternative,1,2000
Never Let You Go,43,Third Eye Blind,58,Alternative,1,2000
Wonderful,54,Everclear,47,Alternative,1,2000
Take A Picture,58,Filter,43,Alternative,1,2000
Otherside,59,Red Hot Chili Peppers,42,Alternative,1,2000
Broadway,84,Goo Goo Dolls,17,Alternative,1,2000
I Need You,44,LeAnn Rimes,57,Christian,11,2000
Breathe,1,Faith Hill,100,Country,2,2000
Amazed,8,Lonestar,93,Country,2,2000
The Way You Love Me,41,Faith Hill,60,Country,2,2000
That’s The Way,74,Jo Dee Messina,27,Country,2,2000
Yes!,79,Chad Brock,22,Country,2,2000
The Best Day,80,George Strait,21,Country,2,2000
How Do You Like Me Now?!,82,Toby Keith,19,Country,2,2000
My Best Friend,83,Tim McGraw,18,Country,2,2000
I Hope You Dance,87,Lee Ann Womack and Sons Of The Desert,14,Country,2,2000
Cowboy Take Me Away,95,Dixie Chicks,6,Country,2,2000
It Feels So Good,34,Sonique,67,EDM,3,2000
Blue (Da Ba Dee),49,iffel 65,52,EDM,3,2000
Better Off Alone,88,Alice Deejay,13,EDM,3,2000
(Hot S**T) Country Grammar,29,Nelly,72,Hip hop,4,2000
Hot Boyz,32,"Missy Elliott feat. Nas, EVE and Q-Tip",69,Hip hop,4,2000
The Real Slim Shady,51,Eminem,50,Hip hop,4,2000
Big Pimpin’,60,Jay-Z feat. UGK,41,Hip hop,4,2000
Shake Ya Ass,68,Mystikal,33,Hip hop,4,2000
Party Up (Up In Here),71,DMX,30,Hip hop,4,2000
Forget About Dre,73,Dr. Dre feat. Eminem,28,Hip hop,4,2000
The Next Episode,76,Dr. Dre feat. Snoop Dogg,25,Hip hop,4,2000
What’chu Like,85,Da Brat feat. Tyrese,16,Hip hop,4,2000
Bounce With Me,94,Lil Bow Wow feat. Xscape,7,Hip hop,4,2000
Maria Maria,3,Santana feat. The Product GandB,98,Pop,5,2000
I Knew I Loved You,7,Savage Garden,94,Pop,5,2000
Music,17,Madonna,84,Pop,5,2000
Doesn’t Really Matter,18,Janet,83,Pop,5,2000
What A Girl Wants,19,Christina Aguilera,82,Pop,5,2000
Bye Bye Bye,21,‘N Sync,80,Pop,5,2000
You Sang To Me,22,Marc Anthony,79,Pop,5,2000
I Need To Know,23,Marc Anthony,78,Pop,5,2000
It’s Gonna Be Me,27,‘N Sync,74,Pop,5,2000
That’s The Way It Is,28,Celine Dion,73,Pop,5,2000
Bring It All To Me,30,Blaque,71,Pop,5,2000
Show Me The Meaning Of Being Lonely,31,Backstreet Boys,70,Pop,5,2000
Back Here,33,BBMak,68,Pop,5,2000
Be With You,37,Enrique Iglesias,64,Pop,5,2000
Come On Over Baby (All I Want Is You),38,Christina Aguilera,63,Pop,5,2000
All The Small Things,40,Blink 182,61,Pop,5,2000
I Turn To You,42,Christina Aguilera,59,Pop,5,2000
Oops!… I Did It Again,55,Britney Spears,46,Pop,5,2000
I Wanna Love You Forever,56,Jessica Simpson,45,Pop,5,2000
Give Me Just One Night (Una Noche ),57,98 Degrees,44,Pop,5,2000
Purest Of Pain (A Puro Dolor),61,Son By Four,40,Pop,5,2000
Faded,66,SoulDecision feat. Thrust,35,Pop,5,2000
Swear It Again,75,Westlife,26,Pop,5,2000
From The Bottom Of My Broken Heart,77,Britney Spears,24,Pop,5,2000
Crash And Burn,78,Savage Garden,23,Pop,5,2000
Girl On TV,93,LFO,8,Pop,5,2000
Gotta Tell You,98,Samantha Mumba,3,Pop,5,2000
Waiting For Tonight,99,Jennifer Lopez,2,Pop,5,2000
Then The Morning Comes,48,Smash Mouth,53,Pop rock,6,2000
Desert Rose,50,Sting feat. Cheb Mami,51,Pop rock,6,2000
I Wanna Know,4,Joe,97,R&B,7,2000
Say My Name,6,Destiny’s Child,95,R&B,7,2000
He Wasn’t Man Enough,10,Toni Braxton,91,R&B,7,2000
Try Again,12,Aaliyah,89,R&B,7,2000
Jumpin Jumpin’,13,Destiny’s Child,88,R&B,7,2000
Thong Song,14,Sisqo,87,R&B,7,2000
There You Go,16,Pink,85,R&B,7,2000
Back At One,20,Brian McKnight,81,R&B,7,2000
Get It On Tonite,24,Montell Jordan,77,R&B,7,2000
Incomplete,25,Sisqo,76,R&B,7,2000
I Try,26,Macy Gray,75,R&B,7,2000
No More,39,Ruff Endz,62,R&B,7,2000
Thank God I Found You,45,Mariah Carey feat. Joe and 98 Degrees,56,R&B,7,2000
Let’s Get Married,46,Jagged Edge,55,R&B,7,2000
My Love Is Your Love,47,Whitney Houston,54,R&B,7,2000
Most Girls,52,Pink,49,R&B,7,2000
Wifey,53,Next,48,R&B,7,2000
He Can’t Love U,62,Jagged Edge,39,R&B,7,2000
Separated,63,Avant,38,R&B,7,2000
I Wish,64,Carl Thomas,37,R&B,7,2000
U Know What’s Up,65,Donell Jones,36,R&B,7,2000
Bag Lady,69,Erykah Badu,32,R&B,7,2000
Case Of The Ex (Whatcha Gonna Do),72,Mya,29,R&B,7,2000
Where I Wanna Be,81,Donell Jones,20,R&B,7,2000
Don’t Think I’m Not,86,Kandi,15,R&B,7,2000
Dance With Me,89,Debelah Morgan,12,R&B,7,2000
What About Now,90,Lonestar,11,R&B,7,2000
I Like It,91,Sammie,10,R&B,7,2000
24/7,92,Kevon Edmonds,9,R&B,7,2000
I Don’t Wanna,96,Aaliyah,5,R&B,7,2000
Independent Women Part I,97,Destiny’s Child,4,R&B,7,2000
Shackles (Praise You),100,Mary Mary,1,R&B,7,2000
Smooth,2,Santana feat. Rob Thomas,99,Rock,8,2000
Higher,11,Creed,90,Rock,8,2000
Kryptonite,15,3 Doors Down,86,Rock,8,2000
With Arms Wide Open,36,Creed,65,Rock,8,2000
Only God Knows Why,67,Kid Rock,34,Rock,8,2000
Meet Virginia,70,Train,31,Rock,8,2000
,,,,,,
,,,,,,
,,,,,,
,,,,,,
,,,,,,
,,,,,,
,,,,,,
,,,,,,
,,,,,,
,,,,,,
,,,,,,
,,,,,,
,,,,,,
,,,,,,
,,,,,,
,,,,,,
,,,,,,
,,,,,,
,,,,,,
,,,,,,
,,,,,,
,,,,,,
,,,,,,
,,,,,,
,,,,,,
,,,,,,
,,,,,,
,,,,,,
,,,,,,
,,,,,,
,,,,,,
,,,,,,
,,,,,,
,,,,,,
,,,,,,
,,,,,,
,,,,,,
,,,,,,
,,,,,,
,,,,,,
,,,,,,
,,,,,,
,,,,,,
,,,,,,
,,,,,,
,,,,,,
,,,,,,
,,,,,,
,,,,,,
,,,,,,
,,,,,,
,,,,,,
,,,,,,
,,,,,,
,,,,,,
,,,,,,
,,,,,,
,,,,,,
,,,,,,
,,,,,,
,,,,,,
,,,,,,
,,,,,,
,,,,,,
,,,,,,
,,,,,,
,,,,,,
,,,,,,
,,,,,,
,,,,,,
,,,,,,
,,,,,,
,,,,,,
,,,,,,
,,,,,,
,,,,,,
,,,,,,
,,,,,,
,,,,,,
,,,,,,
,,,,,,
,,,,,,
,,,,,,
,,,,,,
,,,,,,
,,,,,,
,,,,,,
,,,,,,
,,,,,,
,,,,,,
,,,,,,
,,,,,,
,,,,,,
,,,,,,
,,,,,,
,,,,,,
,,,,,,
,,,,,,
,,,,,,
,,,,,,
